<?xml version="1.0" encoding="UTF-8"?>
<project-private xmlns="http://www.netbeans.org/ns/project-private/1">
    <editor-bookmarks xmlns="http://www.netbeans.org/ns/editor-bookmarks/2" lastBookmarkId="0"/>
    <open-files xmlns="http://www.netbeans.org/ns/projectui-open-files/2">
        <group>
            <file>file:/D:/TUGAS%20SEMESTER%202/projek%20semester/java-dropdown-menu-main/src/main/Login.java</file>
            <file>file:/D:/TUGAS%20SEMESTER%202/projek%20semester/java-dropdown-menu-main/src/component/TransaksiJualAdmin.java</file>
            <file>file:/D:/TUGAS%20SEMESTER%202/projek%20semester/java-dropdown-menu-main/src/main/LginRFID.java</file>
            <file>file:/D:/TUGAS%20SEMESTER%202/projek%20semester/java-dropdown-menu-main/src/component/RFIDLoginForm.java</file>
        </group>
    </open-files>
</project-private>
